timestamp_utc,hora_consulta_utc,ciudad,fuente,fecha_objetivo,temp_max_c,temp_min_c,unidad,dias_antes
2026-10-05T20:54:25.271460+00:00,final,Austin (KAUS),observado,2026-10-04,77,73,F,0
2026-10-05T20:54:25.271460+00:00,final,New York (KLGA - LaGuardia),observado,2026-10-04,63,57,F,0
2026-10-05T20:54:25.271460+00:00,final,Seattle (KSEA - Tacoma),observado,2026-10-04,69,52,F,0
2026-10-05T20:54:25.271460+00:00,final,Buenos Aires (SAEZ - Ezeiza),observado,2026-10-04,24,6,C,0
2026-10-05T20:54:25.271460+00:00,final,Amsterdam (EHAM - Schiphol),observado,2026-10-04,20,10,C,0
2026-10-05T20:54:25.271460+00:00,final,London (EGLC - City Airport),observado,2026-10-04,22,11,C,0
2026-10-05T20:54:25.271460+00:00,final,Munich (EDDM),observado,2026-10-04,22,6,C,0
2026-10-05T20:54:25.271460+00:00,final,Tokyo (RJTT - Haneda),observado,2026-10-05,22,18,C,0
2026-10-05T20:54:25.271460+00:00,final,Busan (RKPK - Gimhae),observado,2026-10-05,25,16,C,0
2026-10-05T21:11:14.350146+00:00,final,Austin (KAUS),observado,2026-09-28,97,70,F,0
2026-10-05T21:11:14.350146+00:00,final,New York (KLGA - LaGuardia),observado,2026-09-28,63,59,F,0
2026-10-05T21:11:14.350146+00:00,final,Seattle (KSEA - Tacoma),observado,2026-09-28,64,46,F,0
2026-10-05T21:11:14.350146+00:00,final,Buenos Aires (SAEZ - Ezeiza),observado,2026-09-28,21,15,C,0
2026-10-05T21:11:14.350146+00:00,final,Amsterdam (EHAM - Schiphol),observado,2026-09-28,21,16,C,0
2026-10-05T21:11:14.350146+00:00,final,London (EGLC - City Airport),observado,2026-09-28,19,14,C,0
2026-10-05T21:11:14.350146+00:00,final,Munich (EDDM),observado,2026-09-28,26,4,C,0
2026-10-05T21:11:14.350146+00:00,final,Tokyo (RJTT - Haneda),observado,2026-09-29,23,18,C,0
2026-10-05T21:11:14.350146+00:00,final,Busan (RKPK - Gimhae),observado,2026-09-29,25,19,C,0
2026-10-05T21:13:09.979239+00:00,final,Austin (KAUS),observado,2026-10-03,78,75,F,0
2026-10-05T21:13:09.979239+00:00,final,New York (KLGA - LaGuardia),observado,2026-10-03,71,62,F,0
2026-10-05T21:13:09.979239+00:00,final,Seattle (KSEA - Tacoma),observado,2026-10-03,66,56,F,0
2026-10-05T21:13:09.979239+00:00,final,Buenos Aires (SAEZ - Ezeiza),observado,2026-10-03,18,9,C,0
2026-10-05T21:13:09.979239+00:00,final,Amsterdam (EHAM - Schiphol),observado,2026-10-03,20,10,C,0
2026-10-05T21:13:09.979239+00:00,final,London (EGLC - City Airport),observado,2026-10-03,20,14,C,0
2026-10-05T21:13:09.979239+00:00,final,Munich (EDDM),observado,2026-10-03,20,9,C,0
2026-10-05T21:13:09.979239+00:00,final,Tokyo (RJTT - Haneda),observado,2026-10-04,22,19,C,0
2026-10-05T21:13:09.979239+00:00,final,Busan (RKPK - Gimhae),observado,2026-10-04,26,16,C,0
2026-10-05T21:14:11.359498+00:00,final,Austin (KAUS),observado,2026-10-02,78,74,F,0
2026-10-05T21:14:11.359498+00:00,final,New York (KLGA - LaGuardia),observado,2026-10-02,86,69,F,0
2026-10-05T21:14:11.359498+00:00,final,Seattle (KSEA - Tacoma),observado,2026-10-02,70,53,F,0
2026-10-05T21:14:11.359498+00:00,final,Buenos Aires (SAEZ - Ezeiza),observado,2026-10-02,18,2,C,0
2026-10-05T21:14:11.359498+00:00,final,Amsterdam (EHAM - Schiphol),observado,2026-10-02,20,11,C,0
2026-10-05T21:14:11.359498+00:00,final,London (EGLC - City Airport),observado,2026-10-02,22,13,C,0
2026-10-05T21:14:11.359498+00:00,final,Munich (EDDM),observado,2026-10-02,19,10,C,0
2026-10-05T21:14:11.359498+00:00,final,Tokyo (RJTT - Haneda),observado,2026-10-03,22,19,C,0
2026-10-05T21:14:11.359498+00:00,final,Busan (RKPK - Gimhae),observado,2026-10-03,25,14,C,0
2026-10-05T21:17:01.250250+00:00,final,Austin (KAUS),observado,2026-10-01,87,73,F,0
2026-10-05T21:17:01.250250+00:00,final,New York (KLGA - LaGuardia),observado,2026-10-01,78,67,F,0
2026-10-05T21:17:01.250250+00:00,final,Seattle (KSEA - Tacoma),observado,2026-10-01,67,52,F,0
2026-10-05T21:17:01.250250+00:00,final,Buenos Aires (SAEZ - Ezeiza),observado,2026-10-01,15,6,C,0
2026-10-05T21:17:01.250250+00:00,final,Amsterdam (EHAM - Schiphol),observado,2026-10-01,21,13,C,0
2026-10-05T21:17:01.250250+00:00,final,London (EGLC - City Airport),observado,2026-10-01,22,14,C,0
2026-10-05T21:17:01.250250+00:00,final,Munich (EDDM),observado,2026-10-01,24,5,C,0
2026-10-05T21:17:01.250250+00:00,final,Tokyo (RJTT - Haneda),observado,2026-10-02,23,19,C,0
2026-10-05T21:17:01.250250+00:00,final,Busan (RKPK - Gimhae),observado,2026-10-02,25,12,C,0
2026-10-05T21:18:09.357818+00:00,final,Austin (KAUS),observado,2026-09-30,95,77,F,0
2026-10-05T21:18:09.357818+00:00,final,New York (KLGA - LaGuardia),observado,2026-09-30,73,63,F,0
2026-10-05T21:18:09.357818+00:00,final,Seattle (KSEA - Tacoma),observado,2026-09-30,64,50,F,0
2026-10-05T21:18:09.357818+00:00,final,Buenos Aires (SAEZ - Ezeiza),observado,2026-09-30,17,6,C,0
2026-10-05T21:18:09.357818+00:00,final,Amsterdam (EHAM - Schiphol),observado,2026-09-30,23,17,C,0
2026-10-05T21:18:09.357818+00:00,final,London (EGLC - City Airport),observado,2026-09-30,24,18,C,0
2026-10-05T21:18:09.357818+00:00,final,Munich (EDDM),observado,2026-09-30,25,4,C,0
2026-10-05T21:18:09.357818+00:00,final,Tokyo (RJTT - Haneda),observado,2026-10-01,27,18,C,0
2026-10-05T21:18:09.357818+00:00,final,Busan (RKPK - Gimhae),observado,2026-10-01,26,16,C,0
2026-10-05T21:20:18.810573+00:00,final,Austin (KAUS),observado,2026-09-28,97,70,F,0
2026-10-05T21:20:18.810573+00:00,final,New York (KLGA - LaGuardia),observado,2026-09-28,63,59,F,0
2026-10-05T21:20:18.810573+00:00,final,Seattle (KSEA - Tacoma),observado,2026-09-28,64,46,F,0
2026-10-05T21:20:18.810573+00:00,final,Buenos Aires (SAEZ - Ezeiza),observado,2026-09-28,21,15,C,0
2026-10-05T21:20:18.810573+00:00,final,Amsterdam (EHAM - Schiphol),observado,2026-09-28,21,16,C,0
2026-10-05T21:20:18.810573+00:00,final,London (EGLC - City Airport),observado,2026-09-28,19,14,C,0
2026-10-05T21:20:18.810573+00:00,final,Munich (EDDM),observado,2026-09-28,26,4,C,0
2026-10-05T21:20:18.810573+00:00,final,Tokyo (RJTT - Haneda),observado,2026-09-29,23,18,C,0
2026-10-05T21:20:18.810573+00:00,final,Busan (RKPK - Gimhae),observado,2026-09-29,25,19,C,0
2026-10-06T14:44:19.729375+00:00,final,Austin (KAUS),observado,2026-10-05,89,69,F,0
2026-10-06T14:44:19.729375+00:00,final,New York (KLGA - LaGuardia),observado,2026-10-05,70,57,F,0
2026-10-06T14:44:19.729375+00:00,final,Seattle (KSEA - Tacoma),observado,2026-10-05,68,53,F,0
2026-10-06T14:44:19.729375+00:00,final,Buenos Aires (SAEZ - Ezeiza),observado,2026-10-05,25,9,C,0
2026-10-06T14:44:19.729375+00:00,final,Amsterdam (EHAM - Schiphol),observado,2026-10-05,20,11,C,0
2026-10-06T14:44:19.729375+00:00,final,London (EGLC - City Airport),observado,2026-10-05,24,13,C,0
2026-10-06T14:44:19.729375+00:00,final,Munich (EDDM),observado,2026-10-05,22,8,C,0
2026-10-06T14:44:19.729375+00:00,final,Tokyo (RJTT - Haneda),observado,2026-10-05,22,18,C,0
2026-10-06T14:44:19.729375+00:00,final,Busan (RKPK - Gimhae),observado,2026-10-05,25,16,C,0
2026-10-07T15:04:07.534693+00:00,final,Austin (KAUS),observado,2026-10-06,90,65,F,0
2026-10-07T15:04:07.534693+00:00,final,New York (KLGA - LaGuardia),observado,2026-10-06,63,51,F,0
2026-10-07T15:04:07.534693+00:00,final,Seattle (KSEA - Tacoma),observado,2026-10-06,66,52,F,0
2026-10-07T15:04:07.534693+00:00,final,Buenos Aires (SAEZ - Ezeiza),observado,2026-10-06,23,8,C,0
2026-10-07T15:04:07.534693+00:00,final,Amsterdam (EHAM - Schiphol),observado,2026-10-06,21,14,C,0
2026-10-07T15:04:07.534693+00:00,final,London (EGLC - City Airport),observado,2026-10-06,21,13,C,0
2026-10-07T15:04:07.534693+00:00,final,Munich (EDDM),observado,2026-10-06,22,5,C,0
2026-10-07T15:04:07.534693+00:00,final,Tokyo (RJTT - Haneda),observado,2026-10-07,25,19,C,0
2026-10-07T15:04:07.534693+00:00,final,Busan (RKPK - Gimhae),observado,2026-10-07,24,11,C,0
2026-10-07T18:31:45.340247+00:00,final,Austin (KAUS),observado,2026-10-06,90,65,F,0
2026-10-07T18:31:45.340247+00:00,final,New York (KLGA - LaGuardia),observado,2026-10-06,63,51,F,0
2026-10-07T18:31:45.340247+00:00,final,Seattle (KSEA - Tacoma),observado,2026-10-06,66,52,F,0
2026-10-07T18:31:45.340247+00:00,final,Buenos Aires (SAEZ - Ezeiza),observado,2026-10-06,23,8,C,0
2026-10-07T18:31:45.340247+00:00,final,Amsterdam (EHAM - Schiphol),observado,2026-10-06,21,14,C,0
2026-10-07T18:31:45.340247+00:00,final,London (EGLC - City Airport),observado,2026-10-06,21,13,C,0
2026-10-07T18:31:45.340247+00:00,final,Munich (EDDM),observado,2026-10-06,22,5,C,0
2026-10-07T18:31:45.340247+00:00,final,Paris (LFPB - Le Bourget),observado,2026-10-06,25,9,C,0
2026-10-07T18:31:45.340247+00:00,final,Milan (LIMC - Malpensa),observado,2026-10-06,23,13,C,0
2026-10-07T18:31:45.340247+00:00,final,Madrid (LEMD - Barajas),observado,2026-10-06,22,13,C,0
2026-10-07T18:31:45.340247+00:00,final,Sao Paulo (SBGR - Guarulhos),observado,2026-10-06,23,17,C,0
2026-10-07T18:31:45.340247+00:00,final,Mexico City (MMMX),observado,2026-10-06,21,15,C,0
2026-10-08T15:12:24.006478+00:00,final,Austin (KAUS),observado,2026-10-07,91,59,F,0
2026-10-08T15:12:24.006478+00:00,final,New York (KLGA - LaGuardia),observado,2026-10-07,67,52,F,0
2026-10-08T15:12:24.006478+00:00,final,Seattle (KSEA - Tacoma),observado,2026-10-07,66,53,F,0
2026-10-08T15:12:24.006478+00:00,final,Buenos Aires (SAEZ - Ezeiza),observado,2026-10-07,18,16,C,0
2026-10-08T15:12:24.006478+00:00,final,Amsterdam (EHAM - Schiphol),observado,2026-10-07,22,13,C,0
2026-10-08T15:12:24.006478+00:00,final,London (EGLC - City Airport),observado,2026-10-07,16,10,C,0
2026-10-08T15:12:24.006478+00:00,final,Munich (EDDM),observado,2026-10-07,24,5,C,0
2026-10-08T15:12:24.006478+00:00,final,Paris (LFPB - Le Bourget),observado,2026-10-07,19,12,C,0
2026-10-08T15:12:24.006478+00:00,final,Milan (LIMC - Malpensa),observado,2026-10-07,18,15,C,0
2026-10-08T15:12:24.006478+00:00,final,Madrid (LEMD - Barajas),observado,2026-10-07,23,14,C,0
2026-10-08T15:12:24.006478+00:00,final,Sao Paulo (SBGR - Guarulhos),observado,2026-10-07,26,18,C,0
2026-10-08T15:12:24.006478+00:00,final,Mexico City (MMMX),observado,2026-10-07,20,14,C,0
2026-10-09T14:57:51.380338+00:00,final,Austin (KAUS),observado,2026-10-08,91,61,F,0
2026-10-09T14:57:51.380338+00:00,final,New York (KLGA - LaGuardia),observado,2026-10-08,76,59,F,0
2026-10-09T14:57:51.380338+00:00,final,Seattle (KSEA - Tacoma),observado,2026-10-08,66,52,F,0
2026-10-09T14:57:51.380338+00:00,final,Buenos Aires (SAEZ - Ezeiza),observado,2026-10-08,17,11,C,0
2026-10-09T14:57:51.380338+00:00,final,Amsterdam (EHAM - Schiphol),observado,2026-10-08,15,11,C,0
2026-10-09T14:57:51.380338+00:00,final,London (EGLC - City Airport),observado,2026-10-08,15,8,C,0
2026-10-09T14:57:51.380338+00:00,final,Munich (EDDM),observado,2026-10-08,20,11,C,0
2026-10-09T14:57:51.380338+00:00,final,Paris (LFPB - Le Bourget),observado,2026-10-08,17,9,C,0
2026-10-09T14:57:51.380338+00:00,final,Milan (LIMC - Malpensa),observado,2026-10-08,20,15,C,0
2026-10-09T14:57:51.380338+00:00,final,Madrid (LEMD - Barajas),observado,2026-10-08,20,12,C,0
2026-10-09T14:57:51.380338+00:00,final,Sao Paulo (SBGR - Guarulhos),observado,2026-10-08,33,17,C,0
2026-10-09T14:57:51.380338+00:00,final,Mexico City (MMMX),observado,2026-10-08,20,14,C,0
2026-10-10T14:12:53.392429+00:00,final,Austin (KAUS),observado,2026-10-09,91,62,F,0
2026-10-10T14:12:53.392429+00:00,final,New York (KLGA - LaGuardia),observado,2026-10-09,73,59,F,0
2026-10-10T14:12:53.392429+00:00,final,Seattle (KSEA - Tacoma),observado,2026-10-09,58,51,F,0
2026-10-10T14:12:53.392429+00:00,final,Buenos Aires (SAEZ - Ezeiza),observado,2026-10-09,16,10,C,0
2026-10-10T14:12:53.392429+00:00,final,Amsterdam (EHAM - Schiphol),observado,2026-10-09,18,10,C,0
2026-10-10T14:12:53.392429+00:00,final,London (EGLC - City Airport),observado,2026-10-09,20,12,C,0
2026-10-10T14:12:53.392429+00:00,final,Munich (EDDM),observado,2026-10-09,16,5,C,0
2026-10-10T14:12:53.392429+00:00,final,Paris (LFPB - Le Bourget),observado,2026-10-09,17,7,C,0
2026-10-10T14:12:53.392429+00:00,final,Milan (LIMC - Malpensa),observado,2026-10-09,23,13,C,0
2026-10-10T14:12:53.392429+00:00,final,Madrid (LEMD - Barajas),observado,2026-10-09,21,6,C,0
2026-10-10T14:12:53.392429+00:00,final,Sao Paulo (SBGR - Guarulhos),observado,2026-10-09,34,19,C,0
2026-10-10T14:12:53.392429+00:00,final,Mexico City (MMMX),observado,2026-10-09,20,14,C,0
