timestamp_utc,ciudad,fuente,fecha_objetivo,temp_max_c
2026-08-14T03:55:30.761325+00:00,Buenos Aires,yr.no,2026-08-14,13.4
2026-08-14T03:55:30.761325+00:00,Buenos Aires,yr.no,2026-08-15,15.0
2026-08-14T03:55:30.761325+00:00,Buenos Aires,yr.no,2026-08-16,17.0
2026-08-14T03:55:30.761325+00:00,Buenos Aires,yr.no,2026-08-17,14.4
2026-08-14T03:55:30.761325+00:00,Buenos Aires,yr.no,2026-08-18,11.9
2026-08-14T03:55:30.761325+00:00,Tokyo,yr.no,2026-08-14,28.0
2026-08-14T03:55:30.761325+00:00,Tokyo,yr.no,2026-08-15,29.6
2026-08-14T03:55:30.761325+00:00,Tokyo,yr.no,2026-08-16,28.5
2026-08-14T03:55:30.761325+00:00,Tokyo,yr.no,2026-08-17,29.0
2026-08-14T03:55:30.761325+00:00,Tokyo,yr.no,2026-08-18,29.3
2026-08-14T03:55:30.761325+00:00,Munich,yr.no,2026-08-14,31.8
2026-08-14T03:55:30.761325+00:00,Munich,yr.no,2026-08-15,33.8
2026-08-14T03:55:30.761325+00:00,Munich,yr.no,2026-08-16,30.1
2026-08-14T03:55:30.761325+00:00,Munich,yr.no,2026-08-17,20.9
2026-08-14T03:55:30.761325+00:00,Munich,yr.no,2026-08-18,26.2
2026-08-14T04:09:26.981364+00:00,Buenos Aires,yr.no,2026-08-14,13.4
2026-08-14T04:09:26.981364+00:00,Buenos Aires,yr.no,2026-08-15,15.0
2026-08-14T04:09:26.981364+00:00,Buenos Aires,yr.no,2026-08-16,17.0
2026-08-14T04:09:26.981364+00:00,Buenos Aires,yr.no,2026-08-17,14.4
2026-08-14T04:09:26.981364+00:00,Buenos Aires,yr.no,2026-08-18,11.9
2026-08-14T04:09:26.981364+00:00,Tokyo,yr.no,2026-08-14,28.0
2026-08-14T04:09:26.981364+00:00,Tokyo,yr.no,2026-08-15,29.6
2026-08-14T04:09:26.981364+00:00,Tokyo,yr.no,2026-08-16,28.5
2026-08-14T04:09:26.981364+00:00,Tokyo,yr.no,2026-08-17,29.0
2026-08-14T04:09:26.981364+00:00,Tokyo,yr.no,2026-08-18,29.3
2026-08-14T04:09:26.981364+00:00,Munich,yr.no,2026-08-14,31.8
2026-08-14T04:09:26.981364+00:00,Munich,yr.no,2026-08-15,33.8
2026-08-14T04:09:26.981364+00:00,Munich,yr.no,2026-08-16,30.1
2026-08-14T04:09:26.981364+00:00,Munich,yr.no,2026-08-17,20.9
2026-08-14T04:09:26.981364+00:00,Munich,yr.no,2026-08-18,26.2
2026-08-14T04:15:31.594074+00:00,Buenos Aires,yr.no,2026-08-14,13.4,10.0
2026-08-14T04:15:31.594074+00:00,Buenos Aires,yr.no,2026-08-15,15.0,11.7
2026-08-14T04:15:31.594074+00:00,Buenos Aires,yr.no,2026-08-16,17.0,12.5
2026-08-14T04:15:31.594074+00:00,Buenos Aires,yr.no,2026-08-17,14.4,10.2
2026-08-14T04:15:31.594074+00:00,Buenos Aires,yr.no,2026-08-18,11.9,9.4
2026-08-14T04:15:31.594074+00:00,Tokyo,yr.no,2026-08-14,28.0,22.3
2026-08-14T04:15:31.594074+00:00,Tokyo,yr.no,2026-08-15,29.6,22.6
2026-08-14T04:15:31.594074+00:00,Tokyo,yr.no,2026-08-16,28.5,21.8
2026-08-14T04:15:31.594074+00:00,Tokyo,yr.no,2026-08-17,29.0,21.5
2026-08-14T04:15:31.594074+00:00,Tokyo,yr.no,2026-08-18,29.3,23.4
2026-08-14T04:15:31.594074+00:00,Munich,yr.no,2026-08-14,31.8,16.5
2026-08-14T04:15:31.594074+00:00,Munich,yr.no,2026-08-15,33.8,16.6
2026-08-14T04:15:31.594074+00:00,Munich,yr.no,2026-08-16,30.1,21.8
2026-08-14T04:15:31.594074+00:00,Munich,yr.no,2026-08-17,20.9,18.0
2026-08-14T04:15:31.594074+00:00,Munich,yr.no,2026-08-18,26.2,16.0
